Workbook

Sheet Estoque
A1: REVESTE | CONTROLE DE ESTOQUE
A2: Planilha de demonstração • Atualize os campos de produto e estoque; importe a aba “Estoque” no painel administrativo.
A3: ID | B3: SKU | C3: Nome | D3: Categoria | E3: Tamanho | F3: Cor | G3: Preço | H3: Quantidade | I3: Estoque mínimo | J3: Status do estoque | K3: Tipo | L3: Vendedor | M3: Valor em estoque (R$)
A4: 1 | B4: RV-0001 | C4: Jaqueta Jeans Oversized Vintage | D4: Casacos | E4: G | F4: Azul Vintage | G4: 190.9 | H4: 12 | I4: 3 | J4: =IF(H4=0,"Sem estoque",IF(H4<=I4,"Estoque baixo","Disponível")) -> Disponível | K4: revenda | L4: Studio Vintage SP | M4: =G4*H4 -> 2290.8
A5: 2 | B5: RV-0002 | C5: Vestido Linho Midi Sustentável | D5: Vestidos | E5: M | F5: Areia | G5: 249 | H5: 8 | I5: 3 | J5: =IF(H5=0,"Sem estoque",IF(H5<=I5,"Estoque baixo","Disponível")) -> Disponível | K5: novo | L5: ReVeste Oficial | M5: =G5*H5 -> 1992
A6: 3 | B6: RV-0003 | C6: Camisa Algodão Egípcio Classic | D6: Camisas | E6: M | F6: Branco | G6: 159.5 | H6: 15 | I6: 3 | J6: =IF(H6=0,"Sem estoque",IF(H6<=I6,"Estoque baixo","Disponível")) -> Disponível | K6: novo | L6: ReVeste Oficial | M6: =G6*H6 -> 2392.5
A7: 4 | B7: RV-0004 | C7: Calça Alfaiataria Pregas Retrô | D7: Calças | E7: 40 | F7: Cinza Chumbo | G7: 199.9 | H7: 9 | I7: 3 | J7: =IF(H7=0,"Sem estoque",IF(H7<=I7,"Estoque baixo","Disponível")) -> Disponível | K7: revenda | L7: Ateliê Retrô Urbano | M7: =G7*H7 -> 1799.1
A8: 5 | B8: RV-0005 | C8: Trench Coat Bege Elegance | D8: Casacos | E8: M | F8: Bege Camel | G8: 389 | H8: 5 | I8: 3 | J8: =IF(H8=0,"Sem estoque",IF(H8<=I8,"Estoque baixo","Disponível")) -> Disponível | K8: revenda | L8: Camila Rocha (Cliente) | M8: =G8*H8 -> 1945
A9: 6 | B9: RV-0006 | C9: Bolsa de Couro Upcycling Artesanal | D9: Acessórios | E9: Único | F9: Caramelo | G9: 220 | H9: 7 | I9: 3 | J9: =IF(H9=0,"Sem estoque",IF(H9<=I9,"Estoque baixo","Disponível")) -> Disponível | K9: revenda | L9: EcoModa Brasil | M9: =G9*H9 -> 1540
A10: 7 | B10: RV-0007 | C10: Blazer Slim Fit Linho Rústico | D10: Casacos | E10: G | F10: Terracota | G10: 329.9 | H10: 6 | I10: 3 | J10: =IF(H10=0,"Sem estoque",IF(H10<=I10,"Estoque baixo","Disponível")) -> Disponível | K10: novo | L10: ReVeste Oficial | M10: =G10*H10 -> 1979.4
A11: 8 | B11: RV-0008 | C11: Saia Plissada Midi Floral 90s | D11: Saias | E11: P | F11: Estampa Floral | G11: 129.9 | H11: 14 | I11: 3 | J11: =IF(H11=0,"Sem estoque",IF(H11<=I11,"Estoque baixo","Disponível")) -> Disponível | K11: revenda | L11: Studio Vintage SP | M11: =G11*H11 -> 1818.6
A12: 9 | B12: RV-0009 | C12: Tênis Casual Sustentável Knit | D12: Calçados | E12: 41 | F12: Preto e Branco | G12: 279.9 | H12: 10 | I12: 3 | J12: =IF(H12=0,"Sem estoque",IF(H12<=I12,"Estoque baixo","Disponível")) -> Disponível | K12: novo | L12: ReVeste Oficial | M12: =G12*H12 -> 2799
A13: 10 | B13: RV-0010 | C13: Cardigan Tricot Chunky Artesanal | D13: Casacos | E13: Único | F13: Off-white | G13: 179 | H13: 11 | I13: 3 | J13: =IF(H13=0,"Sem estoque",IF(H13<=I13,"Estoque baixo","Disponível")) -> Disponível | K13: revenda | L13: Mariana Lima (Cliente) | M13: =G13*H13 -> 1969

Sheet Resumo
A1: REVESTE | VISÃO GERAL DO ESTOQUE
A2: Indicadores calculados a partir da aba Estoque. Abra no Excel para atualizar as fórmulas.
A4: Produtos cadastrados | D4: =COUNTA(Estoque!C4:C13) -> 10
A6: Unidades em estoque | D6: =SUM(Estoque!H4:H13) -> 97
A8: Valor total em estoque | D8: =SUM(Estoque!M4:M13) -> 20525.4
A10: Itens sem estoque | D10: =COUNTIF(Estoque!J4:J13,"Sem estoque") -> 0
A12: Itens com estoque baixo | D12: =COUNTIF(Estoque!J4:J13,"Estoque baixo") -> 0
A14: Parceiros / vendedores | D14: =SUMPRODUCT((Estoque!L4:L13<>"")/COUNTIF(Estoque!L4:L13,Estoque!L4:L13&"")) -> 6

Sheet Como usar
A1: GUIA RÁPIDO | PLANILHA REVESTE
A3: Etapa | B3: O que fazer | C3: Atenção | D3: Exemplo
A4: 1. Atualizar estoque | B4: Edite preço, quantidade, categoria e vendedor na aba Estoque. | C4: Não apague a linha de cabeçalho. | D4: Quantidade = 12
A5: 2. Importar no site | B5: Entre com perfil administrador e selecione a opção de importar planilha. | C5: Escolha este arquivo .xlsx; o site lê a primeira aba. | D5: Aba: Estoque
A6: 3. Códigos | B6: Use ID/SKU para identificar cada produto. O importador aceita ID ou SKU. | C6: Mantenha os IDs estáveis para atualizar produtos existentes. | D6: RV-0001
A7: 4. Preços | B7: Digite o preço como número; a formatação exibe R$. | C7: Não digite “R$” dentro da célula. | D7: 189,90
A8: 5. Tipos de venda | B8: Use novo, revenda ou cliente_revenda. | C8: Evite variações e erros de digitação. | D8: revenda
A9: 6. Estoque mínimo | B9: A coluna Estoque mínimo ajuda a sinalizar reposição. | C9: A coluna Status é calculada automaticamente. | D9: mínimo = 3
A10: 7. Segurança | B10: Faça uma cópia antes de grandes alterações. | C10: Esta é uma planilha de demonstração, não um banco de dados online. | D10: Backup mensal
